{"years":[0,1950.5,1951.5,1952.5,1953.5,1954.5,1955.5,1956.5,1957.5,1958.5,1959.5,1960.5,1961.5,1962.5,1963.5,1964.5,1965.5,1966.5,1967.5,1968.5,1969.5,1970.5,1971.5,1972.5,1973.5,1974.5,1975.5,1976.5,1977.5,1978.5,1979.5,1980.5,1981.5,1982.5,1983.5,1984.5,1985.5,1986.5,1987.5,1988.5,1989.5,1990.5,1991.5,1992.5,1993.5,1994.5,1995.5,1996.5,1997.5,1998.5,1999.5,2000.5,2001.5,2002.5,2003.5,2004.5,2005.5,2006.5,2007.5,2008.5,2009.5,2010.5,2011.5,2012.5,2013.5,2014.5,2015.5,2016.5,2017.5,2018.5,2019.5,2020.5,2021.5,2022.5,2023.5,2024.5,2025.5,2026.5,2027.5,2028.5,2029.5,2030.5,2031.5,2032.5,2033.5,2034.5,2035.5,2036.5,2037.5,2038.5,2039.5,2040.5,2041.5,2042.5,2043.5,2044.5,2045.5,2046.5,2047.5,2048.5,2049.5],"dr":[0.035142835609,0.035142835609,0.035385822618,0.035345640499,0.034937108701,0.034238618608,0.033432662605,0.032452164386,0.031308728459,0.030248938713,0.029315292488,0.02854346822,0.027986941509,0.027577494461,0.027169977528,0.0266952887,0.026168376475,0.025561381786,0.024872254918,0.024183744673,0.02352542147,0.02292676762,0.022371298673,0.021822686363,0.021272537935,0.020708040205,0.020164408682,0.019628207137,0.019086379282,0.01858488248,0.01813439857,0.017766093566,0.017472535405,0.017204161866,0.016928127326,0.016611986041,0.016278318062,0.015902538361,0.015455927251,0.014978125261,0.014487680832,0.014038059684,0.013637697252,0.013250259819,0.012873552246,0.012504582468,0.012178173647,0.011894201113,0.011616046612,0.011340477196,0.011064187401,0.010820646275,0.010605085242,0.010384264483,0.010161101499,0.0099305984109,0.0097234943677,0.0095356615487,0.0093279447294,0.0090987469725,0.0088528469919,0.0086343157119,0.0084510481379,0.0082825087244,0.008141562523,0.0080290928221,0.0079752722776,0.0079758450544,0.0079822991843,0.0079768383334,0.0079531166977,0.0079451645267,0.0079535699051,0.0079491029019,0.0079377227095,0.0079199246153,0.0079359428743,0.0079852990826,0.0080263389834,0.0080561898347,0.0080729797145,0.0081192927795,0.0081957163426,0.0082592362099,0.0083082578761,0.0083415420774,0.008405853457,0.0085017359852,0.0085821770002,0.0086455343013,0.0086899313689,0.0087692439766,0.0088842013098,0.0089794933418,0.0090523238924,0.0091004931567,0.0091890578382,0.0093193781789,0.0094257380857,0.0095058771582,0.0095585899905],"br":[0.051096061494,0.051096061494,0.05204162957,0.052545899838,0.052564495715,0.052214188627,0.051714305461,0.051030537621,0.050199997924,0.049485797231,0.048925134311,0.048527856673,0.048305996005,0.048146596636,0.047885421146,0.047496617165,0.047003094154,0.046472303992,0.046002625183,0.045719136275,0.045570836066,0.045505770086,0.045383190644,0.045096764916,0.044591602105,0.043925644871,0.043211046113,0.042541203218,0.041954185205,0.041533817779,0.041229618004,0.041003680832,0.040759323793,0.04040804555,0.039886182343,0.039210517761,0.038487951172,0.037741367383,0.036923525244,0.0360867763,0.03524857287,0.034435347039,0.03366948349,0.032956609684,0.032305991468,0.031693989061,0.031130369415,0.030585921138,0.030012634248,0.029396074565,0.028745442504,0.028108331971,0.027500701851,0.026899177169,0.026314184449,0.025727689845,0.025180458758,0.024627881404,0.023976843878,0.02320457411,0.022356230129,0.02151944533,0.020765897077,0.020111550873,0.019598296538,0.01919805195,0.018879865487,0.018609439353,0.018360577663,0.018109450826,0.0178472547,0.017611774123,0.017398322443,0.017165511931,0.016914059348,0.016646503167,0.016410060547,0.016206161422,0.015987799706,0.015751217523,0.015494530986,0.015266165277,0.015062390996,0.014829655811,0.014562867787,0.014267090372,0.013999584263,0.013768790862,0.013528086746,0.013279223317,0.013020404187,0.012799563158,0.012620430296,0.012437780105,0.012252407305,0.012058510132,0.011912741038,0.011812731776,0.011696215996,0.01156018083,0.01140216983],"Y0":[1172567104.85,12342811.63,0,0,0,37028434.89,12342811.63,0],"N0":1234281163,"Year0":2010}
