{"years":[0,1950.5,1951.5,1952.5,1953.5,1954.5,1955.5,1956.5,1957.5,1958.5,1959.5,1960.5,1961.5,1962.5,1963.5,1964.5,1965.5,1966.5,1967.5,1968.5,1969.5,1970.5,1971.5,1972.5,1973.5,1974.5,1975.5,1976.5,1977.5,1978.5,1979.5,1980.5,1981.5,1982.5,1983.5,1984.5,1985.5,1986.5,1987.5,1988.5,1989.5,1990.5,1991.5,1992.5,1993.5,1994.5,1995.5,1996.5,1997.5,1998.5,1999.5,2000.5,2001.5,2002.5,2003.5,2004.5,2005.5,2006.5,2007.5,2008.5,2009.5,2010.5,2011.5,2012.5,2013.5,2014.5,2015.5,2016.5,2017.5,2018.5,2019.5,2020.5,2021.5,2022.5,2023.5,2024.5,2025.5,2026.5,2027.5,2028.5,2029.5,2030.5,2031.5,2032.5,2033.5,2034.5,2035.5,2036.5,2037.5,2038.5,2039.5,2040.5,2041.5,2042.5,2043.5,2044.5,2045.5,2046.5,2047.5,2048.5,2049.5],"dr":[0.025834819257,0.025834819257,0.025830671256,0.025734511725,0.02540851889,0.024905433891,0.024437173087,0.02393460688,0.023302322038,0.02270654744,0.022164006489,0.021732959352,0.02144189135,0.021208779216,0.020949979945,0.020621727642,0.020269382759,0.019880009948,0.01941521778,0.018916494788,0.018396548618,0.017919899291,0.017484389678,0.017022125947,0.016520143086,0.015970781567,0.015449452099,0.014957403123,0.014454141543,0.013975827315,0.013524357431,0.013155317235,0.012864956822,0.012562283219,0.012207178538,0.011787965571,0.011384182805,0.011004582613,0.010606767842,0.010229509355,0.0098976459937,0.0096937648628,0.0096489767905,0.0097369803527,0.0099631556627,0.01031313997,0.010804242961,0.01141857827,0.012082360352,0.012749740274,0.013388727219,0.014029938144,0.014629067844,0.015077332788,0.015338497834,0.015380817139,0.015272797983,0.015006779548,0.01450021153,0.013800433117,0.012993411946,0.012249531651,0.011640757716,0.011140654648,0.010758315761,0.01046017966,0.010274078005,0.010177772025,0.010089786832,0.0099910792912,0.0098744148349,0.0098132051432,0.0098112837873,0.0097920757594,0.0097471872542,0.0096714748911,0.009644051033,0.009670899362,0.0096766722531,0.0096574738512,0.0096078112909,0.0096111520603,0.0096733568724,0.0097124843769,0.009722493229,0.0096970485139,0.009724535045,0.0098115693118,0.009871532437,0.0098980777905,0.0098842453772,0.0099255954116,0.010029334326,0.01010159836,0.010135728094,0.010124653752,0.010176710626,0.010300693249,0.010390893668,0.010439661366,0.010438968685],"br":[0.047142055803,0.047142055803,0.047454430881,0.047655926647,0.047619977823,0.047406252158,0.047237564716,0.047051430182,0.046753252022,0.046512040921,0.046336207127,0.046265871452,0.046306327722,0.046350963859,0.046307868476,0.046146647287,0.04590772626,0.045621718177,0.045307683166,0.045023123889,0.044735576158,0.044544087782,0.044310597288,0.043788349727,0.042909446547,0.041808335499,0.040599902591,0.039578372342,0.039000411625,0.039023724004,0.039399976665,0.039977647157,0.040348338145,0.040148459548,0.039194454213,0.037743606742,0.036080022656,0.034658951242,0.033754597702,0.03357675545,0.033835108537,0.034344816319,0.034617926462,0.034286485905,0.033164504274,0.031574962673,0.030051421789,0.028935451399,0.02811605528,0.027662217499,0.027478946224,0.027362712768,0.027268293926,0.027315868019,0.027516119864,0.027758223324,0.027909027701,0.027921762302,0.02784138176,0.027715787436,0.027546231281,0.027494672213,0.027454294447,0.027184328341,0.02659618972,0.025782607394,0.024993412299,0.024347244563,0.023726818992,0.023153999388,0.022607977468,0.022101617591,0.021635081388,0.02119173556,0.020776330816,0.02037240278,0.020030686986,0.01974686948,0.019458856016,0.019162688773,0.018849244551,0.018600648047,0.018417901043,0.018212442954,0.017974849678,0.01770099661,0.017483198723,0.017331576164,0.017159164362,0.016960883666,0.016727571366,0.016552346002,0.016439930798,0.016295032258,0.016109969556,0.015878237276,0.015711089468,0.015616729233,0.015486023886,0.01531000179,0.015082355511],"Y0":[48656118.65,512169.67,0,0,0,1536509.01,512169.67,0],"N0":51216967,"Year0":2010}
