iso,Country,Time,Year,q,QCNR
ZAF,South Africa,2020.375,2020,1,0.0010581924490825024
ZAF,South Africa,2020.625,2020,2,6.447369948365115e-4
ZAF,South Africa,2020.875,2020,3,6.866517350564664e-4
ZAF,South Africa,2021.125,2020,4,8.064024831542185e-4
ZAF,South Africa,2021.375,2021,1,9.153902360748673e-4
ZAF,South Africa,2021.625,2021,2,5.544705689914273e-4
ZAF,South Africa,2021.875,2021,3,5.966848452742947e-4
ZAF,South Africa,2022.125,2021,4,7.175493226920244e-4
