{"All":{"Death":0.035243973272,"LTFU":0.20770646209,"Succ":0.75704956463}}
