{"All":{"Succ":0.79098610854,"Die":0.037471520736},"Pub":{"Succ":0.82444198244,"Death":0.041553675879},"Pri":{"Succ":0.69051641515,"Death":0.025212600919}}
