Year,N_Pop,CNR_mu,IncR_mu,MorR_mu,CNR_eps,IncR_eps,MorR_eps
2014,1295600768,0.0012423171085986884,0.0026300000000000004,3.7000000000000005e-4,9.78612370362609e-7,6.836734693877551e-4,1.2755102040816319e-5
2015,1310152392,0.0012724748740526666,0.00256,3.6e-4,9.848888264432623e-7,6.020408163265307e-4,1.0204081632653061e-5
2016,1324517250,0.0013317123653919947,0.00249,3.5000000000000005e-4,1.002044564072266e-6,5.076530612244899e-4,1.2755102040816332e-5
2017,1338676779,0.0012323318263818186,0.00234,3.4e-4,9.588666301837944e-7,4.362244897959184e-4,1.2755102040816332e-5
2018,1352642283,0.0014110781719515418,0.0022400000000000002,3.3000000000000005e-4,1.0206513849126552e-6,4.0561224489795924e-4,1.2755102040816332e-5
2019,1366417756,0.0015824757769028874,0.00214,3.3000000000000005e-4,1.0753080192534734e-6,3.801020408163266e-4,1.2755102040816332e-5
