,Time,k_covid
0,2019.875,1.0
1,2020.125,1.0
2,2020.375,0.4927488537291035
3,2020.625,0.5398735876859858
4,2020.875,0.5528416587497214
5,2021.125,0.6592401217473415
6,2021.375,0.4268092334715298
7,2021.625,0.628807314593442
8,2021.875,0.5315479681362663
9,2022.125,1.0
10,2022.375,1.0
11,2022.625,1.0
