,Time,k_covid
0,2019.875,1.0
1,2020.125,1.0
2,2020.375,1.4212171714510384
3,2020.625,1.8972584668536367
4,2020.875,3.574474867150882
5,2021.125,4.999993745586689
6,2021.375,4.998356127027397
7,2021.625,4.999993411636527
8,2021.875,4.551474494968612
