,Time,k_covid
0,2019.875,1.0
1,2020.125,1.0
2,2020.375,0.7587128932305178
3,2020.625,0.7994066087133646
4,2020.875,0.9440912696177727
5,2021.125,1.150249704686912
6,2021.375,0.7021972477899929
7,2021.625,0.7275431743571887
8,2021.875,0.6409401491576151
