,Time,k_covid
0,2019.875,1.0
1,2020.125,1.0
2,2020.375,0.66740262523964
3,2020.625,0.6938034303952505
4,2020.875,0.7828854608561311
5,2021.125,0.8961625004179903
6,2021.375,0.5197086290786209
7,2021.625,0.5269122555794946
8,2021.875,0.3052745644208149
