{"r_art0":0.12606654537,"r_art1":0.20422115671,"rt_art":1.3071902063,"t0_art":2015.0143338709,"r_hiv0":0.0084460256326,"rt_hiv":0.05,"dr_hiv0":0.034700928873,"drt_hiv":0.40855014542,"dr_hiv1":0.0090090445316,"y0":[45477013,4090143.28669612,909856.713303877]}
