{"All":{"Death":0.064032666504,"LTFU":0.15638724025,"Succ":0.77958009324},"NonHIV":{"Death":0.044032948502,"LTFU":0.17529186665,"Succ":0.78067518485},"PLHIV":{"Death":0.081656564617,"LTFU":0.13972834489,"Succ":0.77861509049}}
