,Time,k_covid
0,2019.875,1.0
1,2020.125,1.0
2,2020.375,0.47239982500882616
3,2020.625,0.49056715877159723
4,2020.875,0.493828005794668
5,2021.125,0.5802588488586335
6,2021.375,0.3731929725449867
7,2021.625,0.5462306413497855
8,2021.875,0.4564752496096364
9,2022.125,0.4777548742174589
10,2022.375,0.5429655881719802
11,2022.625,0.20000590579383906
